frame_index,timestamp_s,velocity_px_per_analysis_frame
0,0.0,0.0
1,0.5,72.63593
2,1.0,68.53149
3,1.5,63.09431
4,2.0,77.67111
5,2.5,105.66376
6,3.0,87.21802
7,3.5,89.93468
8,4.0,31.82516
9,4.5,71.88068
10,5.0,74.5955
11,5.5,68.01302
12,6.0,29.10581
13,6.5,43.8705
14,7.0,91.94348
15,7.5,67.16853
16,8.0,51.0451
17,8.5,36.24611
18,9.0,37.80408
19,9.5,48.41823
20,10.0,51.91862
21,10.5,57.28618
22,11.0,54.3177
23,11.5,30.08194
24,12.0,68.08403
25,12.5,70.1873
26,13.0,67.82539
27,13.5,56.80885
28,14.0,62.14336
29,14.5,70.47936
30,15.0,58.06717
31,15.5,69.77736
32,16.0,83.96127
33,16.5,56.39125
34,17.0,81.53358
35,17.5,37.89756
36,18.0,81.41419
37,18.5,41.37805
38,19.0,52.82524
39,19.5,37.27271
40,20.0,40.70646
41,20.5,28.77267
42,21.0,58.17191
43,21.5,41.96289
44,22.0,46.84418
45,22.5,28.12439
46,23.0,36.22263
47,23.5,47.98218
48,24.0,48.05897
49,24.5,51.07601
50,25.0,32.19877
51,25.5,35.94506
52,26.0,30.3984
53,26.5,44.31061
54,27.0,79.33012
55,27.5,78.70699
56,28.0,48.40205
57,28.5,67.70738
58,29.0,59.36481
59,29.5,62.28719
60,30.0,66.22785
61,30.5,62.49208
62,31.0,28.67775
63,31.5,47.1904
64,32.0,63.11115
65,32.5,45.42722
66,33.0,63.3643
67,33.5,83.1054
68,34.0,51.65007
69,34.5,57.39543
70,35.0,73.9258
71,35.5,74.38956
72,36.0,93.76834
73,36.5,76.33164
74,37.0,98.44486
75,37.5,35.55345
76,38.0,83.07646
77,38.5,67.05067
78,39.0,77.39668
79,39.5,46.88424
80,40.0,41.64692
81,40.5,77.61658
82,41.0,28.07753
83,41.5,57.44849
84,42.0,72.91502
85,42.5,75.61118
86,43.0,79.06116
87,43.5,56.37484
88,44.0,73.80326
89,44.5,79.00287
90,45.0,89.37157
91,45.5,78.6335
92,46.0,72.0747
93,46.5,62.48026
94,47.0,56.31477
95,47.5,79.81865
96,48.0,78.65231
97,48.5,76.01154
98,49.0,107.33379
99,49.5,92.3031
100,50.0,79.01617
101,50.5,81.62561
102,51.0,84.66699
103,51.5,92.53149
104,52.0,108.7706
105,52.5,93.10639
106,53.0,78.81481
107,53.5,66.21661
108,54.0,62.60555
109,54.5,61.85194
110,55.0,59.27774
111,55.5,53.94524
112,56.0,55.01992
113,56.5,82.90431
114,57.0,77.74986
115,57.5,61.36417
116,58.0,52.88629
117,58.5,68.41564
118,59.0,46.98084
119,59.5,79.07355
120,60.0,76.90231
121,60.5,97.26257
122,61.0,76.65279
123,61.5,70.17973
124,62.0,87.45232
125,62.5,53.22477
126,63.0,80.75375
127,63.5,28.06801
128,64.0,41.66319
129,64.5,62.06264
130,65.0,68.66636
131,65.5,65.90913
132,66.0,82.39168
133,66.5,53.21562
134,67.0,64.69719
135,67.5,33.28769
136,68.0,47.96745
137,68.5,75.98184
138,69.0,76.16309
139,69.5,74.43526
140,70.0,58.68504
141,70.5,77.78968
142,71.0,86.56091
143,71.5,59.78489
144,72.0,43.5494
145,72.5,36.64099
146,73.0,85.87457
147,73.5,84.3662
148,74.0,49.70495
149,74.5,36.20766
150,75.0,17.70621
151,75.5,39.3826
152,76.0,53.2417
153,76.5,41.34735
154,77.0,16.81119
155,77.5,54.97859
156,78.0,58.12637
157,78.5,57.04014
158,79.0,80.82315
159,79.5,70.09988
160,80.0,74.75102
161,80.5,40.3264
162,81.0,88.68327
163,81.5,77.5138
164,82.0,72.1335
165,82.5,67.75487
166,83.0,81.5238
167,83.5,72.55437
168,84.0,66.11554
169,84.5,59.56651
170,85.0,68.17828
171,85.5,81.45424
172,86.0,66.85033
173,86.5,48.50395
174,87.0,55.90918
175,87.5,78.53579
176,88.0,74.60945
177,88.5,75.26103
178,89.0,77.334
179,89.5,64.78746
180,90.0,81.68095
181,90.5,95.19722
182,91.0,91.26397
183,91.5,42.26217
184,92.0,77.43077
185,92.5,55.37025
186,93.0,39.80695
187,93.5,64.57963
188,94.0,69.17104
189,94.5,34.55746
190,95.0,45.82683
191,95.5,66.61591
192,96.0,59.43651
193,96.5,77.64922
194,97.0,88.41611
195,97.5,88.85075
196,98.0,40.27881
197,98.5,85.81054
198,99.0,90.06176
199,99.5,85.62648
200,100.0,89.509
201,100.5,59.66019
202,101.0,28.79081
203,101.5,67.50392
204,102.0,80.37149
205,102.5,71.79578
206,103.0,69.81734
207,103.5,53.76161
208,104.0,87.71912
209,104.5,79.4375
210,105.0,71.37425
211,105.5,72.62328
212,106.0,66.70477
213,106.5,76.92999
214,107.0,76.48492
215,107.5,99.51747
216,108.0,79.01482
217,108.5,90.9427
218,109.0,84.79263
219,109.5,76.42693
220,110.0,78.4828
221,110.5,91.41968
222,111.0,96.81164
223,111.5,76.37482
224,112.0,53.53665
225,112.5,46.90826
226,113.0,51.67032
227,113.5,51.88458
228,114.0,81.61187
229,114.5,75.6252
230,115.0,94.01043
231,115.5,69.70293
232,116.0,96.50591
233,116.5,64.01365
234,117.0,72.95774
235,117.5,81.8083
236,118.0,53.44934
237,118.5,81.55372
238,119.0,69.86021
239,119.5,95.9095
240,120.0,58.52831
241,120.5,94.52819
242,121.0,72.45496
243,121.5,66.29329
244,122.0,79.90486
245,122.5,67.63869
246,123.0,57.78204
247,123.5,60.83698
248,124.0,69.7402
249,124.5,81.95959
250,125.0,77.88731
251,125.5,57.35384
252,126.0,81.44931
253,126.5,83.1884
254,127.0,62.88253
255,127.5,85.38945
256,128.0,91.66939
257,128.5,65.46216
258,129.0,65.42366
259,129.5,64.74622
260,130.0,67.41902
261,130.5,54.99801
262,131.0,83.90907
263,131.5,62.83081
264,132.0,71.15618
265,132.5,84.55814
266,133.0,81.96171
267,133.5,68.99258
268,134.0,61.76451
269,134.5,75.83565
270,135.0,89.95907
271,135.5,78.61008
272,136.0,89.07301
273,136.5,77.48463
274,137.0,32.02841
275,137.5,68.71474
276,138.0,74.48343
277,138.5,43.87284
278,139.0,73.78617
279,139.5,70.61967
280,140.0,29.97797
281,140.5,79.06915
282,141.0,60.19266
283,141.5,78.22335
284,142.0,52.26047
285,142.5,102.25204
286,143.0,94.94446
287,143.5,68.4073
288,144.0,30.65054
289,144.5,33.93736
290,145.0,38.68135
291,145.5,50.17672
292,146.0,44.51466
293,146.5,96.23715
294,147.0,109.1953
295,147.5,76.82379
296,148.0,81.17676
297,148.5,76.0541
298,149.0,80.99023
299,149.5,84.00318
300,150.0,73.18335
301,150.5,65.48391
302,151.0,67.73521
303,151.5,56.59015
304,152.0,38.27092
305,152.5,62.64825
306,153.0,61.69003
307,153.5,69.38742
308,154.0,44.0944
309,154.5,52.01082
310,155.0,68.52805
311,155.5,64.77002
312,156.0,80.24231
313,156.5,83.0387
314,157.0,81.2831
315,157.5,57.83154
316,158.0,80.68741
317,158.5,60.48371
318,159.0,122.64824
319,159.5,94.54379
320,160.0,56.67539
321,160.5,65.98201
322,161.0,67.90348
323,161.5,67.54178
324,162.0,65.70483
325,162.5,79.12965
326,163.0,95.87254
327,163.5,88.11282
328,164.0,73.78063
329,164.5,40.35317
330,165.0,71.25674
331,165.5,82.33717
332,166.0,49.38684
333,166.5,72.55434
334,167.0,79.24374
335,167.5,87.15652
336,168.0,64.6131
337,168.5,79.29826
338,169.0,86.38768
339,169.5,74.77203
340,170.0,74.33788
341,170.5,73.64803
342,171.0,85.68526
343,171.5,59.58581
344,172.0,49.34399
345,172.5,70.02795
346,173.0,54.92253
347,173.5,74.01044
348,174.0,35.99392
349,174.5,56.12696
350,175.0,66.82926
351,175.5,53.17005
352,176.0,51.801
353,176.5,59.37656
354,177.0,54.18279
355,177.5,47.50053
356,178.0,48.17754
357,178.5,45.67353
358,179.0,51.29004
359,179.5,64.04809
360,180.0,51.05404
361,180.5,35.13046
362,181.0,30.5859
363,181.5,87.80566
364,182.0,80.38252
365,182.5,81.87377
366,183.0,62.16486
367,183.5,70.49464
368,184.0,72.81146
369,184.5,39.71229
370,185.0,45.43167
371,185.5,38.71788
372,186.0,53.84452
373,186.5,34.15564
374,187.0,39.66735
375,187.5,42.23968
376,188.0,47.46204
377,188.5,46.86385
378,189.0,36.50257
379,189.5,44.01275
380,190.0,50.19728
381,190.5,48.00403
382,191.0,50.24241
383,191.5,43.1901
384,192.0,42.60315
385,192.5,59.71623
386,193.0,24.65134
387,193.5,33.25177
388,194.0,43.21644
389,194.5,74.85193
390,195.0,73.14038
391,195.5,67.94341
392,196.0,68.22437
393,196.5,55.75962
394,197.0,57.2773
395,197.5,51.00434
396,198.0,49.0913
397,198.5,49.60936
398,199.0,27.76057
399,199.5,31.78401
400,200.0,82.60115
401,200.5,71.31344
402,201.0,61.64946
403,201.5,55.49198
404,202.0,35.97374
405,202.5,82.486
406,203.0,84.53714
407,203.5,66.98615
408,204.0,79.70943
409,204.5,67.79758
410,205.0,77.06396
411,205.5,72.18196
412,206.0,46.93843
413,206.5,78.82801
414,207.0,64.74696
415,207.5,70.70039
416,208.0,57.92517
417,208.5,81.82655
418,209.0,46.45818
419,209.5,41.30177
420,210.0,33.10814
421,210.5,81.1039
422,211.0,78.86075
423,211.5,66.12286
424,212.0,78.50896
425,212.5,81.85238
426,213.0,70.49905
427,213.5,66.9821
428,214.0,69.89626
429,214.5,59.82475
430,215.0,77.23602
431,215.5,70.95957
432,216.0,78.05274
433,216.5,68.93285
434,217.0,68.1179
435,217.5,67.31427
436,218.0,34.67193
437,218.5,44.79102
438,219.0,27.00554
439,219.5,72.4856
440,220.0,51.13696
441,220.5,45.36198
442,221.0,87.06616
443,221.5,79.52221
444,222.0,73.23824
445,222.5,71.33372
446,223.0,67.32412
447,223.5,69.7055
448,224.0,70.49321
449,224.5,65.66715
450,225.0,67.81929
451,225.5,73.3287
452,226.0,76.7619
453,226.5,84.68962
454,227.0,76.04
455,227.5,74.64791
456,228.0,71.81138
457,228.5,78.01518
458,229.0,72.94602
459,229.5,55.21602
460,230.0,45.98907
461,230.5,62.27128
462,231.0,58.20984
463,231.5,48.97523
464,232.0,65.11301
465,232.5,74.48455
466,233.0,72.05108
467,233.5,67.20307
468,234.0,70.16019
469,234.5,73.53049
470,235.0,33.1357
471,235.5,54.26597
472,236.0,41.37705
473,236.5,74.88036
474,237.0,94.45374
475,237.5,110.53378
476,238.0,62.19152
477,238.5,41.04298
478,239.0,85.62529
479,239.5,69.14909
480,240.0,73.61371
481,240.5,73.01814
482,241.0,77.34971
483,241.5,90.26543
484,242.0,89.89999
485,242.5,70.69535
486,243.0,72.87765
487,243.5,65.9803
488,244.0,86.49995
489,244.5,79.49747
490,245.0,88.94099
491,245.5,86.73604
492,246.0,71.38522
493,246.5,65.95863
494,247.0,79.31373
495,247.5,68.97951
496,248.0,72.25163
497,248.5,68.73931
498,249.0,77.29704
499,249.5,41.36776
500,250.0,71.23781
501,250.5,83.58061
502,251.0,52.78911
503,251.5,82.30867
504,252.0,77.98749
505,252.5,77.75922
506,253.0,80.70952
507,253.5,81.14856
508,254.0,37.22611
509,254.5,83.76115
510,255.0,73.06848
511,255.5,64.05618
512,256.0,34.86893
513,256.5,42.23527
514,257.0,68.51615
515,257.5,74.81566
516,258.0,85.25316
517,258.5,86.56625
518,259.0,50.83566
519,259.5,66.87878
520,260.0,76.04874
521,260.5,61.26451
522,261.0,72.31579
523,261.5,69.7828
524,262.0,72.90122
525,262.5,74.16219
526,263.0,70.25564
527,263.5,95.52394
528,264.0,79.57894
529,264.5,97.07173
530,265.0,81.67329
531,265.5,48.6095
532,266.0,66.22866
533,266.5,68.67069
534,267.0,69.59911
535,267.5,73.34786
536,268.0,84.69583
537,268.5,76.3629
538,269.0,63.42704
539,269.5,67.81033
540,270.0,74.28317
541,270.5,62.9789
542,271.0,74.45461
543,271.5,36.89058
544,272.0,73.8161
545,272.5,74.15572
546,273.0,84.9567
547,273.5,90.95569
548,274.0,81.15279
549,274.5,88.78627
550,275.0,75.74475
551,275.5,53.93902
552,276.0,67.43463
553,276.5,80.02336
554,277.0,69.03576
555,277.5,83.99617
556,278.0,44.62681
557,278.5,71.31669
558,279.0,70.40193
559,279.5,40.39374
560,280.0,30.2051
561,280.5,73.86794
562,281.0,70.32597
563,281.5,46.38834
564,282.0,73.29123
565,282.5,66.26208
566,283.0,72.98911
567,283.5,88.48672
568,284.0,73.68384
569,284.5,71.40956
570,285.0,57.18274
571,285.5,67.45998
572,286.0,67.67979
573,286.5,48.13
574,287.0,30.87705
575,287.5,89.36903
576,288.0,50.47077
577,288.5,76.62589
578,289.0,81.08611
579,289.5,82.57488
580,290.0,71.4599
581,290.5,31.03725
582,291.0,31.64693
583,291.5,65.60674
584,292.0,42.05325
585,292.5,78.30087
586,293.0,81.15038
587,293.5,70.18076
588,294.0,80.56412
589,294.5,97.6023
590,295.0,74.90257
591,295.5,70.38332
592,296.0,65.87838
593,296.5,65.90184
594,297.0,67.56749
595,297.5,71.90806
596,298.0,78.8333
597,298.5,68.15205
598,299.0,85.27844
599,299.5,74.33051
600,300.0,83.84513
601,300.5,69.21886
602,301.0,79.8825
603,301.5,47.17596
604,302.0,35.72328
605,302.5,76.75777
606,303.0,71.49654
607,303.5,27.66858
608,304.0,70.8531
609,304.5,76.30515
610,305.0,41.62361
611,305.5,75.72014
612,306.0,75.94993
613,306.5,29.73847
614,307.0,76.09994
615,307.5,79.1324
616,308.0,28.6476
617,308.5,71.7858
618,309.0,71.30991
619,309.5,83.32858
620,310.0,78.10799
621,310.5,91.27205
622,311.0,66.73062
623,311.5,74.45021
624,312.0,94.03312
625,312.5,91.46017
626,313.0,84.16531
627,313.5,75.32991
628,314.0,57.86464
629,314.5,47.28231
630,315.0,88.25414
631,315.5,101.62761
632,316.0,62.99815
633,316.5,33.64996
634,317.0,69.89547
635,317.5,72.63345
636,318.0,42.66029
637,318.5,31.26025
638,319.0,34.64139
639,319.5,32.83292
640,320.0,87.6973
641,320.5,79.90498
642,321.0,47.01113
643,321.5,45.59428
644,322.0,70.88566
645,322.5,89.73708
646,323.0,68.08012
647,323.5,55.23914
648,324.0,53.7743
649,324.5,44.49498
650,325.0,66.13884
651,325.5,46.50908
652,326.0,49.72091
653,326.5,38.24307
654,327.0,39.38271
655,327.5,55.64384
656,328.0,62.85276
657,328.5,80.58516
658,329.0,73.7514
659,329.5,74.61855
660,330.0,83.24544
661,330.5,87.25574
662,331.0,103.05787
663,331.5,112.6339
664,332.0,76.72168
665,332.5,88.81107
666,333.0,62.86504
667,333.5,64.57729
668,334.0,76.41324
669,334.5,74.642
670,335.0,63.37472
671,335.5,65.50746
672,336.0,62.07279
673,336.5,57.68826
674,337.0,55.54711
675,337.5,56.74931
676,338.0,29.92264
677,338.5,59.26701
678,339.0,54.45765
679,339.5,25.66322
680,340.0,37.94411
681,340.5,60.66508
682,341.0,74.15962
683,341.5,77.3365
684,342.0,86.53123
685,342.5,78.46007
686,343.0,49.15495
687,343.5,31.34277
688,344.0,63.08815
689,344.5,78.21774
690,345.0,102.92647
691,345.5,83.40405
692,346.0,85.32779
693,346.5,67.77528
694,347.0,59.37212
695,347.5,85.97696
696,348.0,84.84611
697,348.5,76.28074
698,349.0,67.83002
699,349.5,83.46268
700,350.0,74.12347
701,350.5,68.23947
702,351.0,66.17637
703,351.5,75.06229
704,352.0,66.24854
705,352.5,46.38326
706,353.0,62.40659
707,353.5,17.58663
708,354.0,76.27374
709,354.5,71.21423
710,355.0,57.86769
711,355.5,58.15137
712,356.0,83.19813
713,356.5,70.27761
714,357.0,68.268
715,357.5,99.69958
716,358.0,91.2373
717,358.5,89.14926
718,359.0,65.6721
719,359.5,79.35497
720,360.0,65.59882
721,360.5,31.92707
722,361.0,98.10493
723,361.5,82.01173
724,362.0,77.84402
725,362.5,69.88216
726,363.0,44.58382
727,363.5,105.12328
728,364.0,102.68013
729,364.5,69.18465
730,365.0,97.52699
731,365.5,14.77006
732,366.0,35.86671
733,366.5,28.16116
734,367.0,26.55075
735,367.5,67.29874
736,368.0,76.92269
737,368.5,81.68413
738,369.0,36.64663
739,369.5,39.55001
740,370.0,67.10812
741,370.5,38.88961
742,371.0,70.3023
743,371.5,64.69983
744,372.0,73.41941
745,372.5,64.88258
746,373.0,21.14747
747,373.5,64.23346
748,374.0,63.46845
749,374.5,66.11098
750,375.0,65.10506
751,375.5,66.49093
752,376.0,64.68748
753,376.5,70.68855
754,377.0,68.98309
755,377.5,72.5173
756,378.0,76.08651
757,378.5,87.03653
758,379.0,94.2166
759,379.5,111.55326
760,380.0,79.01707
761,380.5,64.19522
762,381.0,64.075
763,381.5,64.45699
764,382.0,63.64993
765,382.5,70.30041
766,383.0,74.95292
767,383.5,68.882
768,384.0,67.1218
769,384.5,75.48042
770,385.0,98.92165
771,385.5,73.32175
772,386.0,101.94221
773,386.5,77.85168
774,387.0,95.59117
775,387.5,80.27619
776,388.0,77.53918
777,388.5,45.90192
778,389.0,75.46536
779,389.5,68.4893
780,390.0,64.16212
781,390.5,71.12382
782,391.0,75.82287
783,391.5,69.21906
784,392.0,78.3086
785,392.5,71.85793
786,393.0,71.98841
787,393.5,73.29773
788,394.0,70.10858
789,394.5,63.79684
790,395.0,49.71572
791,395.5,38.05128
792,396.0,82.92503
793,396.5,54.41228
794,397.0,60.84055
795,397.5,76.96857
796,398.0,77.41936
797,398.5,51.38397
798,399.0,76.35636
799,399.5,65.19283
800,400.0,69.91212
801,400.5,70.45712
802,401.0,85.64543
803,401.5,84.22623
804,402.0,75.19946
805,402.5,77.0268
806,403.0,85.18303
807,403.5,85.531
808,404.0,95.28754
809,404.5,81.86871
810,405.0,51.16292
811,405.5,77.09502
812,406.0,83.30791
813,406.5,68.16392
814,407.0,40.90321
815,407.5,42.29996
816,408.0,44.97134
817,408.5,72.74048
818,409.0,68.01286
819,409.5,43.50523
820,410.0,33.036
821,410.5,32.59616
822,411.0,22.78041
823,411.5,64.66734
824,412.0,63.31538
825,412.5,63.16996
826,413.0,74.45224
827,413.5,65.25021
828,414.0,33.72073
829,414.5,62.0658
830,415.0,62.25632
831,415.5,62.65983
832,416.0,68.26289
833,416.5,64.0168
834,417.0,65.21825
835,417.5,63.73554
836,418.0,70.18892
837,418.5,34.78675
838,419.0,58.52062
839,419.5,16.73734
840,420.0,60.97498
841,420.5,81.91853
842,421.0,51.12094
843,421.5,74.33067
844,422.0,65.49285
845,422.5,48.55419
846,423.0,33.58788
847,423.5,61.91125
848,424.0,75.1991
849,424.5,78.84828
850,425.0,51.8657
851,425.5,53.38455
852,426.0,75.16639
853,426.5,69.84125
854,427.0,58.05187
855,427.5,66.7056
856,428.0,70.59145
857,428.5,102.88432
858,429.0,74.77161
859,429.5,50.36464
860,430.0,63.73093
861,430.5,87.32486
862,431.0,64.47189
863,431.5,99.40443
864,432.0,118.87104
865,432.5,64.85054
866,433.0,70.41165
867,433.5,17.70806
868,434.0,106.39462
869,434.5,64.10815
870,435.0,70.12177
871,435.5,66.32533
872,436.0,72.77397
873,436.5,70.83266
874,437.0,75.5323
875,437.5,72.02075
876,438.0,67.25462
877,438.5,97.12151
878,439.0,114.06018
879,439.5,77.20465
880,440.0,56.01002
881,440.5,41.85376
882,441.0,103.3687
883,441.5,77.09138
884,442.0,35.09415
885,442.5,54.52537
886,443.0,80.75093
887,443.5,83.44059
888,444.0,74.76063
889,444.5,51.51776
890,445.0,66.60803
891,445.5,73.22171
892,446.0,38.75718
893,446.5,74.93839
894,447.0,73.19336
895,447.5,77.26392
896,448.0,60.38182
897,448.5,76.71916
898,449.0,62.36477
899,449.5,70.65691
900,450.0,40.7023
901,450.5,68.92037
902,451.0,77.73401
903,451.5,73.25957
904,452.0,74.49644
905,452.5,73.78989
906,453.0,81.46941
907,453.5,63.77882
908,454.0,64.67332
909,454.5,31.3656
910,455.0,67.06053
911,455.5,73.1235
912,456.0,66.98735
913,456.5,67.36481
914,457.0,61.51228
915,457.5,45.62392
916,458.0,63.15857
917,458.5,70.8616
918,459.0,44.76253
919,459.5,63.56024
920,460.0,49.60891
921,460.5,70.80783
922,461.0,44.05561
923,461.5,71.63074
924,462.0,71.29395
925,462.5,80.47769
926,463.0,70.95612
927,463.5,32.79388
928,464.0,38.04168
929,464.5,53.56194
930,465.0,60.50145
931,465.5,70.23103
932,466.0,82.40307
933,466.5,86.41751
934,467.0,79.73186
935,467.5,92.23048
936,468.0,79.26286
937,468.5,83.37576
938,469.0,74.41424
939,469.5,84.54021
940,470.0,71.03723
941,470.5,62.5214
942,471.0,61.25203
943,471.5,74.4816
944,472.0,80.9948
945,472.5,74.67759
946,473.0,70.88633
947,473.5,58.26243
948,474.0,64.10425
949,474.5,74.6498
950,475.0,74.86909
951,475.5,69.8978
952,476.0,66.78568
953,476.5,65.82303
954,477.0,71.11919
955,477.5,71.81915
956,478.0,79.05969
957,478.5,97.01031
958,479.0,52.14125
959,479.5,70.10374
960,480.0,56.65353
961,480.5,85.34782
962,481.0,78.05441
963,481.5,62.37659
964,482.0,25.46005
965,482.5,69.7489
966,483.0,54.44145
967,483.5,60.29066
968,484.0,53.4667
969,484.5,46.61397
970,485.0,72.41534
971,485.5,83.80484
972,486.0,93.17359
973,486.5,69.65931
974,487.0,58.61609
975,487.5,51.5243
976,488.0,19.28756
977,488.5,46.7618
978,489.0,44.06776
979,489.5,54.61843
980,490.0,34.88944
981,490.5,35.89763
982,491.0,62.7239
983,491.5,49.59671
984,492.0,47.70275
985,492.5,49.8435
986,493.0,41.86617
987,493.5,41.73023
988,494.0,61.32342
989,494.5,45.79142
990,495.0,58.48719
991,495.5,29.23073
992,496.0,41.23991
993,496.5,28.10583
994,497.0,38.87764
995,497.5,35.54506
996,498.0,47.93724
997,498.5,42.60469
998,499.0,46.78009
999,499.5,40.28713
1000,500.0,47.54793
1001,500.5,53.00781
1002,501.0,46.86153
1003,501.5,53.49188
1004,502.0,32.14241
1005,502.5,61.46239
1006,503.0,44.94312
1007,503.5,51.70581
1008,504.0,81.57299
1009,504.5,54.71229
1010,505.0,85.18623
1011,505.5,66.66255
1012,506.0,85.65311
1013,506.5,76.88973
1014,507.0,65.51599
1015,507.5,55.1909
1016,508.0,80.63351
1017,508.5,69.40005
1018,509.0,79.14116
1019,509.5,50.92808
1020,510.0,66.94122
1021,510.5,83.21066
1022,511.0,82.09712
1023,511.5,74.9043
1024,512.0,58.74424
1025,512.5,52.47445
1026,513.0,25.13184
1027,513.5,71.70126
1028,514.0,77.00475
1029,514.5,72.94641
1030,515.0,60.27739
1031,515.5,62.79087
1032,516.0,67.82121
1033,516.5,37.4925
1034,517.0,58.17002
1035,517.5,17.56676
1036,518.0,72.18433
1037,518.5,66.75415
1038,519.0,70.32756
1039,519.5,46.79384
1040,520.0,35.02298
1041,520.5,62.34573
1042,521.0,85.0477
1043,521.5,84.73788
1044,522.0,92.37702
1045,522.5,77.85367
1046,523.0,22.76093
1047,523.5,67.10077
1048,524.0,61.15837
1049,524.5,65.14143
1050,525.0,100.74184
1051,525.5,98.73738
1052,526.0,77.57009
1053,526.5,77.40029
1054,527.0,67.99938
1055,527.5,64.16547
1056,528.0,64.58559
1057,528.5,65.99239
1058,529.0,66.16364
1059,529.5,71.38467
1060,530.0,67.83591
1061,530.5,66.62217
1062,531.0,78.41133
1063,531.5,76.59713
1064,532.0,69.62959
1065,532.5,66.7584
1066,533.0,63.44621
1067,533.5,70.16972
1068,534.0,65.54288
1069,534.5,60.86271
1070,535.0,59.0218
1071,535.5,65.26831
1072,536.0,67.50861
1073,536.5,73.56231
1074,537.0,71.5323
1075,537.5,92.5179
1076,538.0,87.02426
1077,538.5,75.48783
1078,539.0,26.01244
1079,539.5,27.82587
1080,540.0,64.81213
1081,540.5,65.51545
1082,541.0,81.94377
1083,541.5,96.26184
1084,542.0,92.99313
1085,542.5,60.48139
1086,543.0,34.92682
1087,543.5,67.99031
1088,544.0,66.4321
1089,544.5,47.2122
1090,545.0,30.97154
1091,545.5,40.54995
1092,546.0,71.85616
1093,546.5,73.6031
1094,547.0,46.00075
1095,547.5,66.19908
1096,548.0,68.76083
1097,548.5,42.43534
1098,549.0,20.73648
1099,549.5,41.22642
1100,550.0,58.55598
1101,550.5,64.30274
1102,551.0,32.25468
1103,551.5,82.00575
1104,552.0,103.85612
1105,552.5,78.14747
1106,553.0,98.51432
1107,553.5,79.8395
1108,554.0,74.09053
1109,554.5,45.55286
1110,555.0,74.08242
1111,555.5,52.34165
1112,556.0,75.51825
1113,556.5,64.59779
1114,557.0,70.24388
1115,557.5,45.29903
1116,558.0,62.13379
1117,558.5,63.91238
1118,559.0,62.5537
1119,559.5,61.2486
1120,560.0,72.51148
1121,560.5,65.38876
1122,561.0,75.03745
1123,561.5,66.82861
1124,562.0,86.5155
1125,562.5,103.1564
1126,563.0,73.90244
1127,563.5,65.47481
1128,564.0,60.69202
1129,564.5,63.2048
1130,565.0,92.7277
1131,565.5,79.48585
1132,566.0,64.08083
1133,566.5,81.09513
1134,567.0,71.95876
1135,567.5,67.22495
1136,568.0,68.11299
1137,568.5,35.93073
1138,569.0,73.69759
1139,569.5,75.38129
1140,570.0,65.10599
1141,570.5,40.23698
1142,571.0,67.42459
1143,571.5,77.26347
1144,572.0,53.86892
1145,572.5,67.43695
1146,573.0,68.77308
1147,573.5,69.02615
1148,574.0,25.74748
1149,574.5,72.92571
1150,575.0,62.43948
1151,575.5,51.81301
1152,576.0,62.59087
1153,576.5,61.96926
1154,577.0,71.62595
1155,577.5,63.27499
1156,578.0,47.08725
1157,578.5,84.60351
1158,579.0,64.3077
1159,579.5,66.09435
1160,580.0,19.98216
1161,580.5,81.5695
1162,581.0,78.92445
1163,581.5,29.75375
1164,582.0,69.82087
1165,582.5,39.97296
1166,583.0,47.98367
1167,583.5,58.55248
1168,584.0,71.22716
1169,584.5,87.6825
1170,585.0,76.31612
1171,585.5,55.23645
1172,586.0,46.85831
1173,586.5,66.5593
1174,587.0,65.80231
1175,587.5,63.15655
1176,588.0,46.50675
1177,588.5,65.13227
1178,589.0,66.86411
1179,589.5,66.97835
1180,590.0,61.55808
1181,590.5,62.94527
1182,591.0,82.1999
1183,591.5,64.64267
1184,592.0,61.44014
1185,592.5,40.21477
1186,593.0,62.18117
1187,593.5,68.20359
1188,594.0,82.25349
1189,594.5,68.82281
1190,595.0,86.99085
1191,595.5,74.84155
1192,596.0,67.84654
1193,596.5,70.4836
1194,597.0,83.63795
1195,597.5,62.56445
1196,598.0,90.31161
1197,598.5,78.26203
1198,599.0,67.75042
1199,599.5,78.0362
